,Profile factor,Symmetry,Crossflow,Average Flow Velocity,Average Gain,Average Signal Quality,Average Signal Strength,Class Attruibute
0,1.0,0.0392481539046713,-0.07146620357143764,-0.034163800777681184,0.16743445911694457,0.2113826059448667,-0.29221877072159386,-0.03277700502882767
1,0.0392481539046713,1.0,0.9780351166984833,0.011393376190621245,-0.08888119484215949,0.1645429346651603,0.1768869534095586,-0.011822596374060646
2,-0.07146620357143764,0.9780351166984833,1.0,0.039437826851802985,-0.11626216607801908,0.16391874097203024,0.21206555759969475,0.01969236893903186
3,-0.034163800777681184,0.011393376190621245,0.039437826851802985,1.0,-0.19926530865307582,-0.4352946546109476,-0.09108763169774671,0.023217107907558352
4,0.16743445911694457,-0.08888119484215949,-0.11626216607801908,-0.19926530865307582,1.0,-0.22680352631093345,0.7064055297001396,-0.08832018695631465
5,0.2113826059448667,0.1645429346651603,0.16391874097203024,-0.4352946546109476,-0.22680352631093345,1.0,-0.3843616567939512,-0.029900179392402068
6,-0.29221877072159386,0.1768869534095586,0.21206555759969475,-0.09108763169774671,0.7064055297001396,-0.3843616567939512,1.0,-0.01423698476702304
7,-0.03277700502882767,-0.011822596374060646,0.01969236893903186,0.023217107907558352,-0.08832018695631465,-0.029900179392402068,-0.01423698476702304,1.0
