,Flatness ratio,Symmetry,Crossflow,Average speed of sound,Average Gain,Class Attruibute
0,1.0,0.4083250238173438,0.028574620935610733,-0.09702791721208492,0.387698233904747,-0.544890184121693
1,0.4083250238173438,1.0,0.391777029183676,-0.5214734195296629,-0.2740368573598373,-0.23600528626680406
2,0.028574620935610733,0.391777029183676,1.0,-0.4743387043414116,-0.6102209589754004,0.16236522298626274
3,-0.09702791721208492,-0.5214734195296629,-0.4743387043414116,1.0,0.5673447176274938,0.13924731521102246
4,0.387698233904747,-0.2740368573598373,-0.6102209589754004,0.5673447176274938,1.0,-0.13704879764737354
5,-0.544890184121693,-0.23600528626680406,0.16236522298626274,0.13924731521102246,-0.13704879764737354,1.0
