,Profile factor,Symmetry,Crossflow,Average Flow Velocity,Average Gain,Average Signal Quality,Average Signal Strength,Class Attruibute
0,1.0,0.039502678233836026,-0.07128286691555938,-0.03521264540526026,0.16995026880226552,0.21356598617146663,-0.30004642525960196,-0.033007258384704315
1,0.039502678233836026,1.0,0.9780309438323734,0.013814071554411113,-0.09276413245421042,0.16285316067294886,0.17645629581139075,-0.011248695752193151
2,-0.07128286691555938,0.9780309438323734,1.0,0.04161730877266849,-0.11986375520214004,0.16262496412201785,0.21393479550497302,0.02019202499731426
3,-0.03521264540526026,0.013814071554411113,0.04161730877266849,1.0,-0.18992481412295617,-0.429733262038282,-0.06946787512899068,0.0211581900138991
4,0.16995026880226552,-0.09276413245421042,-0.11986375520214004,-0.18992481412295617,1.0,-0.24305093521956508,0.7035054727893385,-0.0861434783587385
5,0.21356598617146663,0.16285316067294886,0.16262496412201785,-0.429733262038282,-0.24305093521956508,1.0,-0.42853137932519325,-0.02764486542611529
6,-0.30004642525960196,0.17645629581139075,0.21393479550497302,-0.06946787512899068,0.7035054727893385,-0.42853137932519325,1.0,-0.008545503242254332
7,-0.033007258384704315,-0.011248695752193151,0.02019202499731426,0.0211581900138991,-0.0861434783587385,-0.02764486542611529,-0.008545503242254332,1.0
