,Profile factor,Symmetry,Crossflow,Average Flow Velocity,Average Gain,Average Signal Quality,Average Signal Strength,Class Attruibute
0,1.0,-0.09352761750204694,-0.02176263935651441,-0.2290352574582901,-0.09288302870839478,0.14865926251316278,0.08650120226755148,0.4993229792270965
1,-0.09352761750204694,1.0,0.7616809310393057,-0.2888166853514509,0.0791533955360357,0.24679766170538128,0.07252357639602153,-0.4420137973410427
2,-0.02176263935651441,0.7616809310393057,1.0,-0.25102093039934475,-0.10164030416597239,0.3333153072394294,-0.17718003388531256,-0.25758382510542605
3,-0.2290352574582901,-0.2888166853514509,-0.25102093039934475,1.0,-0.15039102885699673,-0.6500132606021918,-0.16982980919793433,-0.012485847952416688
4,-0.09288302870839478,0.0791533955360357,-0.10164030416597239,-0.15039102885699673,1.0,-0.5876593120002283,0.9376075198945236,-0.045946676389444864
5,0.14865926251316278,0.24679766170538128,0.3333153072394294,-0.6500132606021918,-0.5876593120002283,1.0,-0.5644133917198846,-0.03269595056820073
6,0.08650120226755148,0.07252357639602153,-0.17718003388531256,-0.16982980919793433,0.9376075198945236,-0.5644133917198846,1.0,0.02793404836469365
7,0.4993229792270965,-0.4420137973410427,-0.25758382510542605,-0.012485847952416688,-0.045946676389444864,-0.03269595056820073,0.02793404836469365,1.0
